ime,prezime,br_kartice,email,broj_odr,broj_dece,cena,kom,kontakt,aran_id,brojSoba
Mrs.,Romero,uaxsrggx,Davidson@gmail.com,1,0,287,1,blxtbdkion,3071,4
Jaime,Howard,umwvjtrs,Holly@gmail.com,2,3,483,3,bcfhorxecv,16509,2
Andrew,Ruiz,mbwzbshd,Carpenter@gmail.com,1,2,390,4,wytsvqohjk,49392,1
Nicholas,Young,vijufjgg,Yoder@gmail.com,2,1,218,2,fjmdqeimlm,38810,2
Eugene,Wilson,sokmyaae,Jones@gmail.com,1,3,243,5,bhsyefyquw,40674,4
Deborah,Moore,jzrfpexd,Baker@gmail.com,2,0,158,4,qeuioryaxr,9849,1
Nicholas,Summers,fpirbtfn,Pittman@gmail.com,0,1,113,3,otmesxdfbr,39525,4
Douglas,Johnson,fiwadyzf,Davis@gmail.com,3,2,131,4,gioxsrqjwr,30898,4
Dr.,Rios,lfndubyq,Watson@gmail.com,2,2,484,3,wikcrhawud,22521,5
William,Williams,vfymjlbk,Carroll@gmail.com,2,2,320,3,wmgmahmltg,3373,3
Richard,Wood,xlnnxghj,Quinn@gmail.com,1,0,424,1,vsbnnrpptg,43829,4
Paul,Harris,ygqltfox,Marsh@gmail.com,2,0,186,1,wmyuzytzer,13064,3
Ryan,Walker,clixcbjk,Small@gmail.com,0,1,457,5,hodqazegls,34462,1
Joshua,West,btiongbd,Lee@gmail.com,2,3,319,4,alaemcfqrb,35788,1
Debra,Nichols,obvrhzmi,Foster@gmail.com,0,2,200,4,ahvmdmdnvw,20216,5
Jennifer,Brooks,iswtizwl,Washington@gmail.com,0,1,381,5,orziywdclv,39523,1
Vincent,Nguyen,tnzqcrni,Armstrong@gmail.com,1,3,434,2,kcnhtosvxb,23363,3
Steve,Horne,kykxbjzi,Barber@gmail.com,1,2,233,1,cwpwwnwqpi,14287,4
Cynthia,Michael,zfhbigjs,Stone@gmail.com,3,1,408,2,vmslqwvwko,13632,5
Norman,Townsend,gnsxtrfb,Smith@gmail.com,0,0,274,3,pjjhikkdnb,32248,1
Todd,Harrison,mxbcpeup,Wilson@gmail.com,2,0,232,2,czsnqwtrqm,21783,5
Andrew,Shelton,dyffprgq,Greer@gmail.com,1,2,205,4,mbmwlsncij,49568,1
Paul,Brown,qoqrdmhu,Mendoza@gmail.com,1,1,301,5,ekeojnfunu,49175,4
Elizabeth,Sparks,taajpcvx,Valdez@gmail.com,2,1,480,2,bxckruwkpl,47601,1
David,Livingston,xijofpjp,Long@gmail.com,2,1,486,5,lsvtvcnqzv,27204,5
David,Olson,fsyztgyq,Hill@gmail.com,0,3,259,1,wiiglrxjap,46776,5
Jillian,Shea,iageibsk,Ramirez@gmail.com,1,3,185,2,jjopzojtnu,34477,5
Christopher,Valencia,mcyrcmnh,Serrano@gmail.com,2,3,268,4,crpsrmwxlv,41071,1
Yolanda,Holloway,vbfbwlme,Cannon@gmail.com,1,3,266,1,vmmknokvna,30848,1
Tara,Haas,vtlrwuvt,Sanchez@gmail.com,0,1,485,3,cenwduaulf,21732,1
Jennifer,Miller,yfjikkhy,Compton@gmail.com,0,2,239,3,bopkftyyri,11150,2
Bryan,Lyons,wgiuszjt,Johnson@gmail.com,3,2,500,3,rbqcfxehgd,3992,2
Susan,Rodriguez,rodxkwei,Higgins@gmail.com,1,0,252,1,plqxplrydn,4392,2
Julie,Lam,ncrshlml,Villegas@gmail.com,0,2,466,3,sobxmozwsq,12301,1
Marc,French,nsbifaeq,Simmons@gmail.com,3,3,387,1,ubdiyzgddr,33560,1
Brandon,Carroll,ibdqfykp,Bowers@gmail.com,0,2,488,5,sksjkqillf,31437,5
Benjamin,Rios,jpnbdchf,Kerr@gmail.com,3,1,157,3,unuogheulj,35848,1
Amy,Johnson,kashovrd,Vega@gmail.com,1,3,141,1,idhqkxrhpe,46383,4
Tara,Boyd,fykakbef,Norton@gmail.com,1,3,426,3,farudgwtdm,6072,5
Jason,Thompson,zhfihpxl,Reed@gmail.com,3,0,179,2,trpfruqqhd,1644,1
Levi,Evans,ruhybrta,Navarro@gmail.com,1,0,440,1,ycvoflocqt,12565,1
Danielle,Douglas,dngzneuu,Dunn@gmail.com,3,3,254,1,zyjhmbljzn,2244,3
Jackie,Conner,uktmaqdy,Elizabeth@gmail.com,3,3,265,2,aqqnteptlt,4657,3
Wesley,Becker,vzwuecgk,Silva@gmail.com,1,1,122,1,fkjlyjrvit,22992,5
Martin,Jones,qjidfcsi,Robertson@gmail.com,3,0,489,3,clmzvvdjdt,25672,1
Victoria,Lee,ytcexknd,Rowe@gmail.com,0,1,490,5,hhadvwhymp,45463,2
Joshua,Mcdaniel,txpswupu,Andrews@gmail.com,2,2,172,5,amoerfozue,4229,3
Chloe,Burke,bsqjfmzj,Henry@gmail.com,3,1,414,5,uydzcszsmn,25514,2
Mr.,Stephens,gmrmkopc,Robinson@gmail.com,2,3,311,2,bihtfcered,6841,2
Gabriel,Hayes,tkpdghtb,Miller@gmail.com,0,3,375,3,sdaksyobmj,10880,4
Heather,Larsen,lygkquod,Cruz@gmail.com,0,1,201,4,cuvnyywskt,4083,2
Steven,Martin,gjoaxptb,Herrera@gmail.com,3,0,200,5,fooqvfxjas,20970,1
Mary,Wood,zdixbkdm,Meyers@gmail.com,3,3,133,1,lqngydqhni,19977,5
Michael,Phillips,eamlkhgy,Hawkins@gmail.com,1,0,280,1,kalqvrwadm,29251,3
David,Jones,qeutenzk,Trevino@gmail.com,3,3,148,4,scwjwomjhf,6815,1
Christopher,Hawkins,jwzwglar,Wilson@gmail.com,2,2,490,5,meyfawxxcz,18511,3
Christopher,Medina,zquserww,Gonzalez@gmail.com,3,3,310,2,kyawfaecuh,24113,3
Amanda,Juarez,neeokzot,Rogers@gmail.com,1,2,458,2,qmuebulcri,10108,4
Sue,Duffy,nekhaupd,Cook@gmail.com,0,0,477,4,jfobgkaprr,15083,1
Jessica,Mitchell,bfscpqtr,Simpson@gmail.com,3,1,218,1,osutmtvpok,6190,1
Sean,Johnson,kpspmhds,Hoffman@gmail.com,0,3,360,4,zctxwqejic,4932,2
Lorraine,Oliver,cxoinrld,Lopez@gmail.com,1,3,230,4,bujsssqppn,5305,5
Sydney,Hansen,dmkuqjgy,Hubbard@gmail.com,2,2,294,5,eisufeooht,18734,3
Brian,Mills,ugegxjjw,Fisher@gmail.com,2,1,238,2,fktxtagmcj,43225,5
Joshua,Olsen,dtifgsic,Torres@gmail.com,1,3,153,4,kelxkdnyga,46945,3
Meghan,Kennedy,salgliag,Harrison@gmail.com,0,3,444,4,dmmiacjjhg,25545,2
Sharon,Sandoval,rjhmtuxw,Glover@gmail.com,0,3,431,4,kvqdyphhqg,36082,5
Denise,Gentry,indgqtjn,Casey@gmail.com,3,2,220,2,jkwkhqtqyc,333,4
Peter,Walter,muxmiing,Jones@gmail.com,3,2,123,4,fzrsoydqqp,17877,4
Tony,Wells,kivcarvv,Molina@gmail.com,2,2,482,4,eqhjpftfkb,8141,3
Monica,Duncan,wknnkwec,Hamilton@gmail.com,2,2,494,1,vkjpsildza,31278,2
Virginia,Hernandez,ypzekean,Brandt@gmail.com,1,2,499,2,ghkeaqrvcz,28388,1
Brandon,Richmond,yastuatk,Shaw@gmail.com,0,0,309,2,ztlsqhbidp,307,2
Andrew,Harper,inrxoaaf,Terrell@gmail.com,2,3,301,2,hstmzlefra,32720,3
Margaret,Kim,ufbdmsss,Nichols@gmail.com,2,3,141,5,vbahkdmjlu,26387,3
Carlos,Espinoza,kjbzneuk,Watkins@gmail.com,1,2,470,2,dpdqnzjasl,4414,3
Terry,Brown,dcyuaqsx,Gonzalez@gmail.com,1,1,172,4,jjzerrigkd,16085,1
Kimberly,Austin,glomihlx,Hernandez@gmail.com,0,0,409,5,zxrgxkiwxv,41179,5
Kari,Peterson,jssrigmq,Lopez@gmail.com,2,2,150,1,uiwkuoidgc,44954,2
Jill,Barker,pmfeyyng,Johnson@gmail.com,2,0,432,2,siosoaeadj,41402,2
Douglas,Williams,wwfbifpz,Mayo@gmail.com,0,0,126,1,tuhkbbtklt,16414,5
Corey,Phillips,oxxlmtjc,Craig@gmail.com,1,1,439,1,fneeqwkckq,312,4
Anita,Powers,tmbrjjmu,Robertson@gmail.com,1,1,167,5,faeatifwdl,38092,5
Julie,Krueger,vlorcvew,Silva@gmail.com,3,0,380,3,jyzkfevfyl,46302,1
Maria,Patel,szbilrgq,Allison@gmail.com,3,3,287,3,djhqxglywo,34843,1
Carolyn,Koch,sgghyqvd,Fisher@gmail.com,3,0,424,5,dcaritbhjc,7169,5
Paul,Mercado,vagbemhg,Walker@gmail.com,3,1,121,3,ozansirodh,45192,2
Marvin,Woodward,gtvmboiy,Baker@gmail.com,3,0,214,3,rpabiewcxe,18116,2
Ronald,Li,gbtwpagw,Green@gmail.com,1,1,165,1,mgvetnyvmp,19132,1
Peter,Jackson,tvxnuwmh,Hunter@gmail.com,0,1,481,4,vigidwbgsk,15391,4
Melissa,Cory,qxscpmoq,Anderson@gmail.com,0,0,329,1,mvkdofdiuk,38322,5
Mrs.,Howard,ewefafxc,Bass@gmail.com,1,2,374,5,egwzpupghz,46633,1
Sarah,Baker,cogjkgeg,Hernandez@gmail.com,2,2,409,3,uoimggjnkl,17244,2
Mr.,Riley,rizylfjk,Bell@gmail.com,3,0,197,2,uuybmsoxyv,8519,5
Jean,Valenzuela,pnnvorxq,Smith@gmail.com,0,1,375,2,yaghrodhsy,2966,4
Cody,Bailey,vbccdhbx,Mcdonald@gmail.com,0,1,421,4,xhurefwuna,17033,1
Ricky,Grimes,peiuehhx,Massey@gmail.com,3,3,363,1,pjkhhnjtvd,32221,1
Rebecca,Ross,miffbfml,Rose@gmail.com,0,1,327,3,jgpztylbfw,16329,2
Laura,Johnson,dhdilevk,Compton@gmail.com,1,3,108,3,aydgcvvksg,22429,2
Alicia,Bender,lqfebqmw,Bond@gmail.com,0,3,235,1,cqzvzknkqi,1919,2
Brian,Beltran,vpgkvtbm,Reid@gmail.com,0,1,254,4,icnhmkmpnk,3912,3
Michael,Moody,eesqcjjl,Hoffman@gmail.com,2,1,100,1,noipoywbvz,15411,2
Mr.,Cruz,jkdzbujq,Williams@gmail.com,1,1,422,1,axvzijmaiv,28810,1
Clinton,Torres,asfaxqal,Gomez@gmail.com,2,2,113,5,juijnvjfvz,11093,4
James,Fischer,ncfkdnjp,Ryan@gmail.com,2,2,480,1,focjqrifrm,37598,3
Melissa,Zuniga,vsukwcul,Smith@gmail.com,2,0,225,1,qfewbiwwas,39999,2
Courtney,Williams,arpiauev,Armstrong@gmail.com,1,3,295,4,enwsporhpw,32522,5
Joshua,Wiley,tovnbhgn,Hardin@gmail.com,2,0,134,3,gasdqqvgyo,5368,1
James,Glover,vqavxftc,Garza@gmail.com,1,3,267,5,ihpnuacdqb,4252,2
Michael,Cobb,juagrmzo,Cooke@gmail.com,3,1,380,2,qurkzpkdrg,40448,2
Rebecca,Watkins,ufhtvcef,Wyatt@gmail.com,3,2,440,4,ivmafsxthe,7475,5
Christopher,Williams,gozaqide,Bryant@gmail.com,2,0,436,2,jclbwmdira,7759,2
Zachary,Vargas,emeybfpi,Zuniga@gmail.com,2,2,441,4,ovpxlrycad,37416,4
Timothy,Smith,dxsmuqap,Barrett@gmail.com,0,3,342,4,jptqbkuofg,28300,1
Nicole,Williamson,crkxaewt,Patrick@gmail.com,3,2,136,5,ovzbfprxkm,16558,5
Sarah,Schmidt,bgenlist,Bailey@gmail.com,2,1,422,2,heovdmnbzu,4095,2
John,Oconnor,oxadtxpl,Velez@gmail.com,3,1,215,1,ynouzopzuf,14303,3
Angela,Wallace,lrdcwuda,Thompson@gmail.com,0,0,398,5,fgjpwgenep,48496,1
Paige,Gonzalez,wqixhulq,Thompson@gmail.com,1,1,399,3,wzfdaxcvsn,12275,1
Michael,Carroll,qkojwmlz,Mercado@gmail.com,2,3,122,4,ahkgfxmwgy,11659,1
David,Jones,nljllqvj,Smith@gmail.com,0,0,353,2,zmwqtuomvp,14282,4
Terry,Fields,rgrbmycn,Hudson@gmail.com,2,1,349,2,fodwunttzr,46528,1
Jesse,Peters,zengfgvs,Pena@gmail.com,3,1,486,1,vbvqsukfjo,22083,3
James,Bird,ourpmknz,Simpson@gmail.com,3,1,241,2,utttdzlylt,1532,2
Nicholas,Taylor,lwdpqftb,Graves@gmail.com,2,3,233,2,dsupmuyumd,17068,4
Melvin,Ramirez,vaccnoyn,Powell@gmail.com,1,2,323,5,oyoohfznsz,24748,4
Kayla,Bates,zqqsvkqk,Cohen@gmail.com,3,2,321,3,sgnwhklrxc,40869,2
Jeffrey,Garza,aeiuszrl,Clark@gmail.com,3,2,323,4,feojluhlxp,47124,1
Mary,Ray,yledyyxn,Norris@gmail.com,1,0,151,3,cremxwgiyp,11841,5
Benjamin,Carter,tdqfjfnl,Johnson@gmail.com,3,2,157,1,iaewhrlksm,28939,5
Michael,Robinson,eytkdnaj,Wiggins@gmail.com,2,2,301,3,zuiaicznss,45637,3
Matthew,Griffin,qbqrywvo,Robinson@gmail.com,2,3,329,2,esqygxzrhk,41246,5
Matthew,Williams,pbssdwsm,Marshall@gmail.com,2,3,103,3,ccgzdnfgsw,38995,3
Robert,Jones,oajsggmr,Chambers@gmail.com,1,3,190,4,mpghhnlihj,15685,2
John,Peck,jrniwokx,Sexton@gmail.com,3,2,149,5,bqwwbkvcjy,36139,5
Jacob,King,zzmughnq,Davies@gmail.com,3,0,486,3,zdpkdwxgpj,18744,2
Michael,Dickerson,zuudwdda,Hughes@gmail.com,2,1,402,4,yympyvfogx,8885,5
Patricia,Mcgee,tnbnioms,Blake@gmail.com,2,1,398,1,afrotxarrm,1336,4
William,Karen,jmiosovq,Alvarado@gmail.com,1,1,393,2,wbpamghiks,27539,4
Carrie,Koch,knrgftop,Nelson@gmail.com,1,2,477,2,afgatlxrat,15009,4
Keith,Hayes,ukvncvja,Hernandez@gmail.com,1,2,131,5,amtqywlvrr,13100,3
Kristina,Lopez,wdwzrxnj,Johnson@gmail.com,2,2,242,2,vgufrkeict,27213,1
Barbara,Morales,obqlhknb,Noble@gmail.com,3,0,183,4,uigfgnlioi,20088,3
Tiffany,Lopez,dwieonow,Richardson@gmail.com,1,3,463,1,lgwkhbqlvs,1539,1
Rebecca,Browning,fejynzdb,Padilla@gmail.com,0,2,175,1,eyfqcpjbpv,21599,5
Amanda,Rowe,cvvbrilo,Stephen@gmail.com,3,1,490,5,gnmtbplxzz,43087,5
Lisa,Stephens,godxcqgg,Wilson@gmail.com,2,0,284,5,awkwgiloin,7508,3
Alisha,Nolan,kdcvtztn,Perkins@gmail.com,0,1,358,3,jezhuwlnhp,14739,5
Emily,Malone,ugawutlq,Martin@gmail.com,2,0,108,2,iqheszgedr,21840,1
Laurie,Ward,qqnrfzzw,Floyd@gmail.com,1,2,372,5,xizbobsanu,2232,1
